unixtime,latitudine,longitudine,altitudine,precisione_orizzontale,precisione_verticale,geometry,delta_tempo,distanza_orizzontale,distanza_verticale,distanza_reale,pendenza,velocita,delta_velocita,accelerazione,pendenza_radianti,accelerazione_max
1734873926.0,46.506091,12.932234,1751.666647,2.8,10.0,POINT (1439609.7036994593 5861824.910930301),100.0,28.38989964524595,-2.1075029999999515,28.46801662852797,-4.245522199656021,0.2846801662852797,-1.843999247734899,-0.01843999247734899,-0.07409834085050963,-0.7262397201665738
1734873931.0,46.506056,12.932364,1750.606755,2.5,10.0,POINT (1439624.1752332626 5861819.250159528),5.0,15.539292659677963,-1.0598919999999907,15.57539686219216,-3.9019425944696864,3.1150793724384322,2.8303992061531527,0.5660798412306305,-0.06810174549730591,-0.6675618356305886
1734873974.0,46.50599,12.93248,1749.417581,3.0,9.9,POINT (1439637.0882941945 5861808.575573125),43.0,16.753923048390888,-1.1891740000000937,16.796073121824627,-4.059978970384669,0.39060635167034014,-2.7244730207680923,-0.06335983769228122,-0.07086000059494182,-0.6945550221999518
1734873978.0,46.505923,12.932638,1747.840441,3.0,9.9,POINT (1439654.67677374 5861797.739263822),4.0,20.658659492370138,-1.577139999999872,20.718773675130834,-4.365652294816218,5.179693418782708,4.789087067112368,1.197271766778092,-0.07619500654178919,-0.7467499593651045
1734873981.0,46.505872,12.932815,1747.328742,2.9,9.9,POINT (1439674.3803236103 5861789.490738826),3.0,21.360431692924504,-0.5116990000001351,21.36655980673292,-1.3722843813657388,7.122186602244306,1.9424931834615977,0.6474977278205326,-0.02395088072852566,-0.23493567684300412
1734873983.0,46.505823,12.93293,1746.053109,2.7,9.9,POINT (1439687.1820650515 5861781.565692689),2.0,15.056259170052854,-1.2756329999999707,15.110201181535922,-4.842786904382419,7.555100590767961,0.43291398852365504,0.21645699426182752,-0.08452257645393702,-0.8281795576151088
1734873986.0,46.505748,12.93302,1743.917785,3.3,6.3,POINT (1439697.2008192232 5861769.4355338635),3.0,15.73264721180153,-2.135323999999855,15.87689506408548,-7.729277170707605,5.29229835469516,-2.262802236072801,-0.7542674120242671,-0.13490133542807953,-1.3193718517031197
1734873989.0,46.505642,12.933035,1741.247795,3.1,4.4,POINT (1439698.870611585 5861752.291604602),3.0,17.225054921890795,-2.669990000000098,17.430759124669667,-8.811078884007953,5.810253041556556,0.5179546868613958,0.17265156228713194,-0.15378233717888634,-1.5026655874631822
1734873992.0,46.505562,12.932888,1739.364279,2.7,5.0,POINT (1439682.5066464383 5861739.352812197),3.0,20.861248865183523,-1.8835160000000997,20.946105526741174,-5.159120646205069,6.982035175580392,1.171782134023836,0.39059404467461195,-0.09004364178389594,-0.882134959952897
1734873996.0,46.505446,12.932957,1735.82227,3.1,6.0,POINT (1439690.187691303 5861720.5915970355),4.0,20.27268222389074,-3.5420090000000073,20.579783096693138,-9.91058530983483,5.1449457741732845,-1.8370894014071073,-0.4592723503517768,-0.17297234445640017,-1.6884098402175778
1734873998.0,46.505405,12.933078,1734.283974,3.0,7.1,POINT (1439703.657349689 5861713.96048746),2.0,15.013437688950756,-1.5382959999999457,15.092039816526555,-5.850183391735782,7.546019908263277,2.401074134089993,1.2005370670449964,-0.10210496203127863,-0.9999101475649702
1734874000.0,46.505454,12.933243,1730.858627,2.6,7.8,POINT (1439722.0250656698 5861721.885472658),2.0,20.00445902159792,-3.4253469999998742,20.295600085171134,-9.716479726125426,10.147800042585567,2.60178013432229,1.300890067161145,-0.16958456292416557,-1.6556620119131318
1734874002.0,46.50552,12.933403,1727.416757,3.2,7.8,POINT (1439739.8361841969 5861732.559953808),2.0,20.764886009858866,-3.441870000000108,21.04820562659281,-9.411455062852768,10.524102813296405,0.3763027707108382,0.1881513853554191,-0.1642608782502707,-1.6041626207481494
1734874005.0,46.505526,12.933567,1724.707417,3.4,6.4,POINT (1439758.0925806868 5861733.530361828),3.0,18.282169032239068,-2.7093399999998837,18.481835075526472,-8.429638576040642,6.160611691842157,-4.363491121454248,-1.4544970404847495,-0.14712494790503558,-1.4380945015137652
1734874007.0,46.505531,12.933699,1723.673324,3.4,5.6,POINT (1439772.7867534717 5861734.339035259),2.0,14.716408072278321,-1.0340929999999844,14.75269517350872,-4.019454745324243,7.37634758675436,1.2157358949122026,0.6078679474561013,-0.07015271944081819,-0.6876338330514783
1734874009.0,46.505651,12.93381,1720.993514,3.6,5.5,POINT (1439785.1432169494 5861753.747219937),2.0,23.007820891662828,-2.6798100000000886,23.16335907891895,-6.6435268528395515,11.581679539459476,4.205331952705116,2.102665976352558,-0.11595141752670697,-1.134936259047442
1734874011.0,46.505771,12.93387,1717.951366,3.5,5.9,POINT (1439791.8223863973 5861773.155447459),2.0,20.525364797149777,-3.0421479999999974,20.74958468283111,-8.430665308876046,10.374792341415555,-1.2068871980439209,-0.6034435990219604,-0.14714286777355173,-1.438268396026907
1734874013.0,46.50589,12.933864,1713.961544,3.0,5.6,POINT (1439791.1544694523 5861792.40198206),2.0,19.258120551788462,-3.9898220000000038,19.667076213278403,-11.704726897696137,9.833538106639201,-0.5412542347763534,-0.2706271173881767,-0.2042860224115391,-1.9901358694880236
1734874015.0,46.505986,12.933945,1711.609419,2.9,5.9,POINT (1439800.1713482067 5861807.928628911),2.0,17.95496769487652,-2.3521250000001146,18.10837808694321,-7.463324503047633,9.054189043471604,-0.7793490631675972,-0.3896745315837986,-0.13025958572295077,-1.2742359442250966
1734874017.0,46.50603,12.934086,1707.90808,3.4,5.9,POINT (1439815.8673964087 5861815.045017883),2.0,17.233946766742598,-3.7013389999999617,17.62693483144016,-12.121297302256577,8.81346741572008,-0.24072162775152428,-0.12036081387576214,-0.21155654753748357,-2.059923403428899
1734874019.0,46.505974,12.934224,1702.361639,3.3,5.3,POINT (1439831.229486138 5861805.987796555),2.0,17.833313181709187,-5.546440999999959,18.67592211387173,-17.276515816032575,9.337961056935866,0.5244936412157859,0.26224682060789295,-0.3015320842626434,-2.913408284648263
1734874021.0,46.505942,12.934361,1700.025771,3.2,4.8,POINT (1439846.4802563768 5861800.8122457),2.0,16.10504019036669,-2.3358679999998913,16.273555199978578,-8.25260736172225,8.136777599989289,-1.201183456946577,-0.6005917284732885,-0.14403517033637592,-1.4081044245346643
1734874024.0,46.505831,12.934436,1696.939442,3.5,4.0,POINT (1439854.8292181862 5861782.859577284),3.0,19.799077416076234,-3.086328999999978,20.038185876571283,-8.860101680065322,6.679395292190428,-1.457382307798861,-0.48579410259962036,-0.1546379463786211,-1.510959508834561
1734874027.0,46.505734,12.934562,1693.741859,3.4,3.9,POINT (1439868.8554740262 5861767.171239403),3.0,21.044234325829375,-3.1975830000001224,21.285777773017955,-8.639767198678765,7.095259257672652,0.4158639654822238,0.13862132182740794,-0.15079238422275154,-1.4736736221010414
1734874031.0,46.505628,12.934544,1690.311947,3.9,3.9,POINT (1439866.851723192 5861750.027314556),4.0,17.260625034260556,-3.4299120000000585,17.598109924110787,-11.239015956920133,4.399527481027697,-2.695731776644955,-0.6739329441612387,-0.19615783313243748,-1.9119915073323275
1734874034.0,46.505534,12.934469,1687.984705,3.3,3.9,POINT (1439858.5027613824 5861734.8242393555),3.0,17.344701174870632,-2.327241999999842,17.50013469011373,-7.642073996991413,5.833378230037909,1.4338507490102126,0.4779502496700709,-0.1333793529285434,-1.3045753318056366
1734874036.0,46.505439,12.934458,1685.287725,3.9,4.0,POINT (1439857.2782469837 5861719.459456021),2.0,15.41350065462801,-2.696980000000167,15.647674062001002,-9.924865491047798,7.823837031000501,1.9904588009625916,0.9952294004812958,-0.17322158063634788,-1.6908183091729294
1734874039.0,46.505342,12.934351,1682.741144,3.9,4.1,POINT (1439845.3670614688 5861703.7712312685),3.0,19.69763275758703,-2.546580999999833,19.861566177981175,-7.366544261688199,6.620522059327058,-1.2033149716734428,-0.4011049905578143,-0.12857045186035385,-1.2578041120288754
1734874042.0,46.505198,12.934329,1679.980011,4.0,4.3,POINT (1439842.9180326713 5861680.481547182),3.0,23.418094006160715,-2.7611329999999725,23.580309207579727,-6.72446815090714,7.860103069193243,1.2395810098661846,0.41319366995539486,-0.1173641096788245,-1.148700574345857
1734874044.0,46.505108,12.934274,1678.674242,3.9,4.4,POINT (1439836.7954606777 5861665.925525955),2.0,15.791252065384796,-1.3057690000000548,15.845146716704162,-4.726998955370232,7.922573358352081,0.062470289158838455,0.031235144579419227,-0.08250169550954303,-0.8084238107114838
1734874046.0,46.505054,12.934159,1677.303186,3.9,5.2,POINT (1439823.9937192365 5861657.191924786),2.0,15.49710854653052,-1.3710559999999532,15.557640176391956,-5.055892904222533,7.778820088195978,-0.14375327015610306,-0.07187663507805153,-0.08824197780690153,-0.8645308162101232
1734874048.0,46.504947,12.934101,1674.394927,3.8,7.2,POINT (1439817.5371887705 5861639.8864814285),2.0,18.47065660619119,-2.9082590000000437,18.698211836293748,-8.947927000710736,9.349105918146874,1.5702858299508957,0.7851429149754479,-0.15617078739050333,-1.5258154651250055
1734874050.0,46.504858,12.934006,1672.13421,3.4,10.1,POINT (1439806.9618371453 5861625.492260098),2.0,17.861457658761843,-2.2607170000001133,18.003958205067896,-7.213545330074108,9.001979102533948,-0.3471268156129259,-0.17356340780646295,-0.12590011675165433,-1.231819887459991
1734874052.0,46.504765,12.933921,1669.103439,3.4,10.2,POINT (1439797.4996804278 5861610.451132652),2.0,17.769860004943943,-3.030770999999959,18.026466582493285,-9.67905036678705,9.013233291246642,0.011254188712694457,0.005627094356347229,-0.16893129736679885,-1.6493450546139867
1734874054.0,46.504643,12.933838,1667.27567,3.4,10.4,POINT (1439788.2601626918 5861590.719800181),2.0,21.787477345914546,-1.8277689999999893,21.864009435968065,-4.795360681439847,10.932004717984032,1.9187714267373899,0.9593857133686949,-0.08369483271180427,-0.8200880969481708
1734874056.0,46.504535,12.933829,1665.444496,3.6,10.8,POINT (1439787.2582872745 5861573.252755925),2.0,17.495753467120387,-1.831173999999919,17.59132137164604,-5.9750458439346525,8.79566068582302,-2.1363440321610128,-1.0681720160805064,-0.10428422293426294,-1.0211749623853477
1734874058.0,46.504435,12.933873,1664.651383,3.0,10.8,POINT (1439792.1563448696 5861557.079597741),2.0,16.89858023148624,-0.7931130000001758,16.91718185959904,-2.687131393922674,8.45859092979952,-0.3370697560234994,-0.1685348780117497,-0.04689929025765541,-0.45991339423870997
1734874060.0,46.504325,12.93397,1662.709368,2.9,10.7,POINT (1439802.9543354765 5861539.289158101),2.0,20.810966910178394,-1.9420149999998557,20.90138191595868,-5.331225674448822,10.45069095797934,1.99210002817982,0.99605001408991,-0.09304744118598728,-0.9114788307586776
1734874062.0,46.504237,12.934049,1661.987581,3.0,10.6,POINT (1439811.7485752492 5861525.056832307),2.0,16.73014496923371,-0.7217869999999493,16.74570772362115,-2.47037423321557,8.372853861810574,-2.077837096168766,-1.038918548084383,-0.04311616412604196,-0.4228385319308764
1734874073.0,46.504164,12.934129,1662.218033,2.6,10.3,POINT (1439820.6541345126 5861513.250488618),11.0,14.788466353493764,0.23045200000001387,14.79026183719278,0.8927807671333555,1.3445692579266164,-7.028284603883957,-0.6389349639894507,0.015581963884957832,0.1528528801508512
1734874081.0,46.504067,12.93417,1659.045092,3.1,10.4,POINT (1439825.2182336352 5861497.562631807),8.0,16.338294039644513,-3.172941000000037,16.643539488803597,-10.990194539849574,2.0804424361004497,0.7358731781738332,0.09198414727172916,-0.19181508015507823,-1.8701882031126704
1734874086.0,46.503968,12.934236,1657.902045,3.2,10.2,POINT (1439832.5653200275 5861481.551342895),5.0,17.61649939917758,-1.1430470000000241,17.653543766774792,-3.7124340448338615,3.5307087533549586,1.450266317254509,0.29005326345090177,-0.06479419734548167,-0.6351864089239939
1734874088.0,46.503858,12.934206,1655.300642,2.8,10.3,POINT (1439829.2257353037 5861463.7610560795),2.0,18.101025692299775,-2.6014030000001185,18.287001631806845,-8.178308825482306,9.143500815903423,5.612792062548464,2.806396031274232,-0.14273841624957656,-1.3955138159781357
1734874090.0,46.503768,12.934188,1653.218298,2.7,10.4,POINT (1439827.2219844696 5861449.205393639),2.0,14.692934576746008,-2.082343999999921,14.839760207323906,-8.066476177879048,7.419880103661953,-1.7236207122414697,-0.8618103561207349,-0.14078656833767716,-1.3765582701206613
1734874092.0,46.503664,12.934253,1651.453716,2.7,10.6,POINT (1439834.457751371 5861432.385547053),2.0,18.310203762899697,-1.7645820000000185,18.395034967991506,-5.504681319654998,9.197517483995753,1.7776373803338004,0.8888186901669002,-0.09607481330100617,-0.9410446596117706
1734874094.0,46.503529,12.934351,1649.328907,2.9,10.6,POINT (1439845.3670614688 5861410.552140342),2.0,24.407185323545892,-2.124808999999914,24.499500172542188,-4.975437370432731,12.249750086271094,3.0522326022753408,1.5261163011376704,-0.08683776384081993,-0.8508082264209
1734874096.0,46.503395,12.934455,1646.72496,2.9,10.6,POINT (1439856.9442885113 5861388.880516187),2.0,24.570133892600527,-2.603947000000062,24.7077319776447,-6.049634550614857,12.35386598882235,0.10411590255125525,0.05205795127562762,-0.1055860414506368,-1.0338755533333939
1734874098.0,46.503281,12.93451,1643.565945,2.8,10.6,POINT (1439863.066860505 5861370.443504855),2.0,19.42702433937341,-3.159014999999954,19.682191200494714,-9.235987945555431,9.841095600247357,-2.5127703885749924,-1.2563851942874962,-0.16119839932444904,-1.5745166193294886
1734874100.0,46.503191,12.934578,1641.561982,2.9,10.7,POINT (1439870.636585879 5861355.887996898),2.0,16.406204744671324,-2.0039630000001125,16.528140301602154,-6.963990639680192,8.264070150801077,-1.57702544944628,-0.78851272472314,-0.12154456574048543,-1.189418571676541
1734874103.0,46.503086,12.934581,1638.138881,3.0,10.7,POINT (1439870.9705443513 5861338.906601407),3.0,16.984679010701427,-3.4231009999998605,17.326192355874433,-11.394777622307874,5.775397451958145,-2.488672698842932,-0.8295575662809774,-0.19887638704184327,-1.938141982973723
1734874106.0,46.50297,12.934625,1633.72589,3.0,10.8,POINT (1439875.8686019462 5861320.146240708),3.0,19.38922643454522,-4.412991000000147,19.8850846439272,-12.82210376712743,6.628361547975733,0.8529640960175886,0.2843213653391962,-0.22378792776874193,-2.177081087920962
1734874108.0,46.502865,12.934687,1630.614104,2.7,10.9,POINT (1439882.7704103752 5861303.164914247),2.0,18.33031390872554,-3.111785999999938,18.592568948432397,-9.634776991428396,9.296284474216199,2.6679229262404656,1.3339614631202328,-0.168158581195819,-1.6418721234632403
1734874110.0,46.502783,12.934753,1626.871301,2.7,11.0,POINT (1439890.1174967678 5861289.903329722),2.0,15.160781726995554,-3.7428030000000945,15.615949438648038,-13.867549563673649,7.807974719324019,-1.48830975489218,-0.74415487744609,-0.2420343990696082,-2.3512433601462606
1734874112.0,46.502727,12.934886,1623.905232,2.9,11.0,POINT (1439904.9229890432 5861280.846649346),2.0,17.355865318230006,-2.966068999999834,17.607487789497377,-9.698000458315015,8.803743894748688,0.9957691754246696,0.4978845877123348,-0.1692620388575161,-1.652543351888872
1734874114.0,46.502647,12.935015,1620.776722,2.8,11.3,POINT (1439919.2832033555 5861267.908550706),2.0,19.328997685318484,-3.1285100000000057,19.58054458739969,-9.193921109746388,9.790272293699845,0.9865283989511564,0.4932641994755782,-0.16046419453368538,-1.56740702297677
1734874116.0,46.502609,12.935213,1618.070532,2.9,11.4,POINT (1439941.3244625325 5861261.76296052),2.0,22.881988218786717,-2.706190000000106,23.041459353973107,-6.744883949273543,11.520729676986553,1.7304573832867085,0.8652286916433543,-0.11772043257974152,-1.1521719823455254
1734874118.0,46.502552,12.935385,1616.392599,3.1,11.1,POINT (1439960.471414949 5861252.544583296),2.0,21.25051212253974,-1.677932999999939,21.316653691954027,-4.5146877825947795,10.658326845977014,-0.8624028310095397,-0.43120141550476987,-0.07879616650584084,-0.7721907466279488
1734874120.0,46.50252,12.93557,1614.399012,3.1,10.5,POINT (1439981.065520746 5861247.369358214),2.0,21.234409533371096,-1.993586999999934,21.327787915240766,-5.363477671222907,10.663893957620383,0.005567111643369316,0.002783555821684658,-0.09361034472003765,-0.9169768823528072
1734874122.0,46.502521,12.935772,1613.110122,2.7,10.3,POINT (1440003.552057886 5861247.531083953),2.0,22.487118707552547,-1.2888900000000376,22.524025954514876,-3.2804223781176662,11.262012977257438,0.5981190196370552,0.2990595098185276,-0.05725417135425566,-0.5613566120698735
1734874124.0,46.502526,12.93598,1610.994255,2.7,10.2,POINT (1440026.706511971 5861248.339712687),2.0,23.168569753142133,-2.11586699999998,23.26498479621041,-5.218056072363549,11.632492398105205,0.37047942084776686,0.18523971042388343,-0.09107225901642742,-0.8921843470699719
1734874126.0,46.50254,12.936182,1609.373054,2.5,10.3,POINT (1440049.1930491114 5861250.603873535),2.0,22.600238425954593,-1.6212010000001555,22.658311269651055,-4.103015980190449,11.329155634825527,-0.3033367632796775,-0.15166838163983876,-0.07161113811626577,-0.7019049928625353
1734874129.0,46.502461,12.936306,1608.139323,2.4,11.0,POINT (1440062.9966659697 5861237.827544955),3.0,18.808891789976098,-1.233730999999807,18.849310399783615,-3.7528241828395887,6.283103466594539,-5.046052168230989,-1.6820173894103296,-0.0654991382390165,-0.642087209202998
1734874132.0,46.502398,12.93641,1607.355723,3.2,11.1,POINT (1440074.5738930122 5861227.638840533),3.0,15.422123193249686,-0.7836000000002059,15.442017768017566,-2.908704309475156,5.147339256005855,-1.1357642105886834,-0.3785880701962278,-0.05076646716728957,-0.4978051518580066
1734874135.0,46.50239,12.936568,1605.344059,3.2,10.2,POINT (1440092.1623725574 5861226.345037642),3.0,17.636001208678156,-2.0116639999998824,17.75036142396523,-6.507361853068931,5.916787141321744,0.7694478853158886,0.2564826284386295,-0.1135748899547323,-1.1117758883126112
1734874137.0,46.502388,12.9367,1604.574764,3.3,10.0,POINT (1440106.8565453421 5861226.021586949),2.0,14.697732280082045,-0.7692950000000565,14.717851370835039,-2.9961881628223,7.358925685417519,1.4421385440957755,0.7210692720478877,-0.0522933484505291,-0.5127639734802116
1734874139.0,46.502391,12.936846,1604.161207,3.4,9.9,POINT (1440123.109190998 5861226.506762993),2.0,16.25988581156777,-0.4135569999998552,16.265144204631934,-1.4569575404187416,8.132572102315967,0.7736464168984476,0.3868232084492238,-0.025428706142065403,-0.24942872432961538
1734874142.0,46.502434,12.937024,1601.744984,3.5,10.0,POINT (1440142.9240603591 5861233.460955899),3.0,20.999758255396962,-2.4162230000001728,21.13830599577087,-6.563564520871623,7.046101998590291,-1.0864701037256763,-0.3621567012418921,-0.1145558115562939,-1.121336195754947
1734874145.0,46.502432,12.937215,1597.830932,2.8,10.3,POINT (1440164.1860831007 5861233.137504945),3.0,21.264482866614998,-3.914051999999856,21.621702861783707,-10.429423680981088,7.207234287261236,0.1611322886709452,0.05371076289031507,-0.1820277823185867,-1.775847645555472
1734874148.0,46.502434,12.937405,1595.283326,2.7,10.4,POINT (1440185.3367863514 5861233.460955899),3.0,21.15317632219032,-2.547606000000087,21.306035878335265,-6.867403972102335,7.102011959445089,-0.10522232781614704,-0.035074109272049014,-0.11985881037772256,-1.1730016321531507
1734874150.0,46.502434,12.937538,1593.005509,2.8,10.4,POINT (1440200.142278627 5861233.460955899),2.0,14.80549227562733,-2.2778169999999136,14.979687974358782,-8.746347342877726,7.489843987179391,0.38783202773430236,0.19391601386715118,-0.15265255865627375,-1.491712297896223
1734874153.0,46.502451,12.937701,1590.055223,3.1,10.6,POINT (1440218.2873556265 5861236.210289495),3.0,18.35218391736916,-2.9502860000000055,18.587814342163504,-9.132696010167676,6.195938114054502,-1.2939058731248894,-0.43130195770829644,-0.15939561496117546,-1.557058034217021
1734874156.0,46.502461,12.937876,1587.226896,3.1,10.8,POINT (1440237.768266515 5861237.827544955),3.0,19.547925830444296,-2.828327000000172,19.751476853427476,-8.23281140827912,6.5838256178091585,0.38788750375465675,0.12929583458488558,-0.1436896657702218,-1.4047500384857017
1734874158.0,46.502454,12.938021,1585.649345,3.2,11.1,POINT (1440253.9095926802 5861236.695466103),2.0,16.18097688314943,-1.5775509999998576,16.25769602528651,-5.568406501042073,8.128848012643255,1.5450223948340964,0.7725111974170482,-0.09718702753264123,-0.9519045802017864
1734874160.0,46.502448,12.938164,1583.20282,3.2,11.2,POINT (1440269.8282798636 5861235.725112917),2.0,15.94823460289863,-2.446525000000065,16.13479691612877,-8.721419903624156,8.067398458064385,-0.06144955457886958,-0.03072477728943479,-0.15221749276720806,-1.4874937921288114
1734874163.0,46.502417,12.938336,1580.396294,3.3,11.9,POINT (1440288.9752322799 5861230.711623163),3.0,19.792444678316677,-2.8065260000000762,19.990434075649848,-8.07061411522249,6.663478025216616,-1.4039204328477695,-0.4679734776159232,-0.14085878896856147,-1.377259741124743
1734874166.0,46.502386,12.93849,1577.441916,3.4,13.3,POINT (1440306.1184338622 5861225.698136267),3.0,17.861254472939883,-2.954377999999906,18.103943236598994,-9.392089575121542,6.034647745532998,-0.6288302796836183,-0.20961009322787275,-0.1639228867281062,-1.6008914633254074
1734874206.0,46.502218,12.941085,1531.377937,3.9,14.9,POINT (1440594.9925124706 5861198.528321526),40.0,290.14898263632927,-46.06397900000002,293.7827807857522,-9.020976028837968,7.344569519643805,1.3099217741108076,0.03274804435277019,-0.15744573344670548,-1.5381692309582622
1734874208.0,46.502218,12.941299,1528.826413,3.4,13.6,POINT (1440618.8148835006 5861198.528321526),2.0,23.82237102999352,-2.551523999999972,23.95862342066527,-6.113427961098217,11.979311710332635,4.634742190688829,2.3173710953444147,-0.1066994465046477,-1.0447365860932547
1734874210.0,46.502276,12.941469,1526.531316,3.4,12.2,POINT (1440637.7391969354 5861207.908367127),2.0,21.121432111980297,-2.2950969999999415,21.2457610995794,-6.201542131055224,10.6228805497897,-1.3564311605429342,-0.6782155802714671,-0.10823732888805936,-1.05973617346404
1734874212.0,46.502393,12.94156,1524.137658,3.4,12.0,POINT (1440647.8692705976 5861226.830213702),2.0,21.462867241175495,-2.3936579999999594,21.595931765804597,-6.363646502227913,10.797965882902298,0.1750853331125981,0.08754266655629905,-0.11106658389689775,-1.0873244662303065
1734874214.0,46.502496,12.941583,1521.73615,3.4,11.9,POINT (1440650.4296188857 5861243.487941402),2.0,16.8533461210203,-2.401508000000149,17.023587052938485,-8.109735212769172,8.511793526469242,-2.286172356433056,-1.143086178216528,-0.14154158092774494,-1.3838912684348113
1734874216.0,46.502616,12.941522,1519.000242,3.5,11.8,POINT (1440643.6391299476 5861262.895042599),2.0,20.56079562895417,-2.735907999999881,20.742022791427175,-7.579497943631284,10.371011395713587,1.859217869244345,0.9296089346221725,-0.13228719476450548,-1.2939556450150893
1734874218.0,46.50272,12.941416,1516.021108,3.4,11.4,POINT (1440631.8392639235 5861279.714564954),2.0,20.54587964606051,-2.9791340000001583,20.7607420344351,-8.250336567813264,10.38037101721755,0.009359621503962856,0.004679810751981428,-0.1439955375060299,-1.4077196514231807
1734874220.0,46.50282,12.941384,1514.475937,3.7,11.1,POINT (1440628.2770402178 5861295.887212945),2.0,16.560313426299007,-1.545170999999982,16.632243811239064,-5.330587094201015,8.316121905619532,-2.064249111598018,-1.032124555799009,-0.09303629585812485,-0.9113699679989589
1734874222.0,46.502919,12.941477,1513.167709,3.8,10.9,POINT (1440638.6297528616 5861311.898163759),2.0,19.066441856136446,-1.3082279999998718,19.11127064204302,-3.925150078222613,9.55563532102151,1.2395134154019782,0.6197567077009891,-0.06850679249989758,-0.6715260811474123
1734874224.0,46.502983,12.941642,1510.917431,2.9,10.6,POINT (1440656.9974688427 5861322.248692934),2.0,21.08332147859398,-2.2502779999999802,21.203070429704894,-6.0922640892348685,10.601535214852447,1.0458998938309367,0.5229499469154684,-0.10633006725816209,-1.0411335119216056
1734874226.0,46.503051,12.941823,1509.386927,2.9,10.2,POINT (1440677.146296676 5861333.24614353),2.0,22.95472026977398,-1.5305040000000645,23.00568680038891,-3.8145452808469327,11.502843400194456,0.9013081853420086,0.4506540926710043,-0.06657637461719076,-0.6526318631681458
1734874228.0,46.503174,12.941941,1507.085743,3.2,10.2,POINT (1440690.2819965896 5861353.138625881),2.0,23.83815148639704,-2.301183999999921,23.948964781181445,-5.5138861247160715,11.974482390590723,0.4716389903962668,0.2358194951981334,-0.09623546745632613,-0.9426133967067274
1734874230.0,46.503307,12.942077,1503.925744,3.4,10.3,POINT (1440705.4214473376 5861374.648433859),2.0,26.3035132298646,-3.159999000000198,26.492648072883622,-6.850455188879405,13.246324036441811,1.2718416458510884,0.6359208229255442,-0.11956299830627565,-1.1701204841705264
1734874232.0,46.503463,12.942214,1500.881866,3.5,10.6,POINT (1440720.6722175763 5861399.878050129),2.0,29.480833264650048,-3.0438779999999497,29.63755595957569,-5.89486612164559,14.818777979787845,1.5724539433460336,0.7862269716730168,-0.10288482278698412,-1.007520431871232
1734874234.0,46.503608,12.942343,1496.71984,3.1,10.6,POINT (1440735.0324318886 5861423.328719912),2.0,27.498175728130725,-4.162025999999969,27.811366899162536,-8.606758579599633,13.905683449581268,-0.9130945302065765,-0.45654726510328825,-0.15021627513828406,-1.468085880425718
1734874236.0,46.503729,12.942471,1495.447308,3.4,10.5,POINT (1440749.28132671 5861442.8979474),2.0,24.207140849332735,-1.2725319999999556,24.240565294366743,-3.0091807606291123,12.120282647183371,-1.7854008023978967,-0.8927004011989483,-0.052520112060645364,-0.5149854703636226
1734874238.0,46.503853,12.94258,1493.508788,3.4,10.4,POINT (1440761.4151512065 5861462.952407533),2.0,23.439519366995558,-1.9385199999999259,23.51954353184091,-4.727776927890468,11.759771765920455,-0.3605108812629165,-0.18025544063145826,-0.0825152736915112,-0.8085565595375647
1734874240.0,46.50399,12.94266,1490.457985,3.0,10.3,POINT (1440770.3207104702 5861485.109404578),2.0,23.879729978197776,-3.050803000000087,24.073821939535215,-7.280498246396098,12.036910969767607,0.2771392038471525,0.13856960192357626,-0.1270686655852853,-1.2431917750812556
1734874242.0,46.504102,12.942718,1489.946919,3.1,10.4,POINT (1440776.777240936 5861503.223195471),2.0,19.230085963673357,-0.511066000000028,19.23687590609824,-1.5223558464579592,9.61843795304912,-2.4184730167184867,-1.2092365083592433,-0.026570121907676644,-0.2606222280828322
1734874244.0,46.504202,12.942767,1489.339171,3.1,10.6,POINT (1440782.2318959848 5861519.396254588),2.0,17.06813120719679,-0.6077479999999014,17.078947875603717,-2.039279509981244,8.539473937801858,-1.0789640152472622,-0.5394820076236311,-0.03559214181762928,-0.3490851967828425
1734874246.0,46.504299,12.942817,1489.091467,2.9,10.6,POINT (1440787.7978705247 5861535.084150355),2.0,16.646024936503945,-0.2477040000001125,16.647867835201215,-0.8525366506853227,8.323933917600607,-0.21554002020125118,-0.10777001010062559,-0.014879571548383652,-0.14596321066791634
1734874249.0,46.50439,12.942852,1488.462218,2.6,10.5,POINT (1440791.6940527023 5861549.801686265),3.0,15.224522941671113,-0.6292490000000726,15.237521225759496,-2.366760749424887,5.079173741919832,-3.244760175680775,-1.0815867252269251,-0.04130776768443276,-0.4051139682460413
1734874253.0,46.504507,12.942845,1487.501572,2.9,10.5,POINT (1440790.9148162669 5861568.724268635),4.0,18.938620144572226,-0.960645999999997,18.962968483803188,-2.9037927781023467,4.740742120950797,-0.33843162096903523,-0.08460790524225881,-0.05068074477351905,-0.4969652967597992
1734874256.0,46.504624,12.942831,1484.784268,2.7,10.5,POINT (1440789.3563433958 5861587.646891732),3.0,18.98669277572324,-2.7173039999997854,19.18015233485167,-8.144649858603104,6.393384111617223,1.6526419906664263,0.5508806635554754,-0.1421509564547148,-1.3898092035254968
1734874259.0,46.504744,12.942836,1483.835785,2.7,10.5,POINT (1440789.9129408498 5861607.054752596),3.0,19.415840544266903,-0.9484830000001239,19.438993905078725,-2.796732145841504,6.479664635026242,0.0862805234090187,0.0287601744696729,-0.04881218424130049,-0.47865739736510987
1734874261.0,46.504842,12.942888,1481.354386,2.8,10.6,POINT (1440795.701554371 5861622.904537415),2.0,16.873758482332953,-2.4813990000000103,17.05523574499351,-8.3657662358907,8.527617872496755,2.047953237470513,1.0239766187352566,-0.14601016526846533,-1.4272757383107852
1734874264.0,46.504921,12.942998,1480.536554,3.6,10.4,POINT (1440807.9466983583 5861635.681425569),3.0,17.697243349054453,-0.817831999999953,17.71613025849257,-2.64589275592049,5.905376752830857,-2.6222411196658983,-0.8740803732219661,-0.04617954024547924,-0.45286029188872057
1734874268.0,46.505044,12.943026,1479.54055,3.5,10.1,POINT (1440811.0636441004 5861655.574592187),4.0,20.13587417689829,-0.9960040000000845,20.1604923758299,-2.831779312477944,5.040123093957475,-0.8652536588733817,-0.21631341471834542,-0.04942387269260147,-0.4846508238913296
1734874271.0,46.505136,12.943173,1475.565785,3.5,10.1,POINT (1440827.4276092472 5861670.454063308),3.0,22.117369106066356,-3.974764999999934,22.471688253871868,-10.18801058211403,7.490562751290622,2.4504396573331473,0.8168132191110491,-0.17781432888591395,-1.735180917850307
1734874273.0,46.5052,12.943303,1472.988214,3.3,10.0,POINT (1440841.8991430502 5861680.8050145935),2.0,17.79234338469697,-2.5775710000000345,17.97807985795511,-8.243073772020862,8.989039928977554,1.4984771776869321,0.7492385888434661,-0.14386877780655247,-1.4064889971445738
1734874275.0,46.505282,12.943409,1470.928987,3.4,10.0,POINT (1440853.6990090744 5861694.067188736),2.0,17.751678826946346,-2.0592269999999644,17.870716745911007,-6.616840626120978,8.935358372955504,-0.053681556022050714,-0.026840778011025357,-0.11548565500553418,-1.1303976867420182
1734874277.0,46.505351,12.943534,1468.176233,2.7,10.0,POINT (1440867.6139454234 5861705.226838574),2.0,17.837130881926747,-2.7527540000000954,18.0482933454524,-8.773083499803079,9.0241466727262,0.08878829977069636,0.04439414988534818,-0.15311919262395102,-1.496236581660239
1734874279.0,46.505417,12.943662,1466.603538,2.6,10.0,POINT (1440881.862840245 5861715.9012995),2.0,17.803795092627524,-1.5726949999998396,17.87312197863855,-5.0481092686788545,8.936560989319275,-0.08758568340692463,-0.043792841703462315,-0.08810612773888907,-0.8632033042933238
1734874281.0,46.505438,12.943814,1464.833277,2.6,10.1,POINT (1440898.7834028455 5861719.297721602),2.0,17.258074104970238,-1.7702610000001187,17.348629508429926,-5.856677617293444,8.674314754214963,-0.2622462351043122,-0.1311231175521561,-0.102218307649627,-1.001016270568385
1734874283.0,46.505472,12.943982,1460.448085,2.6,10.2,POINT (1440917.485077299 5861724.796693504),2.0,19.49336603411346,-4.385191999999961,19.980521219847894,-12.67810241391512,9.990260609923947,1.3159458557089838,0.6579729278544919,-0.2212746300278598,-2.1530335994071286
1734874285.0,46.505485,12.944148,1457.10378,2.6,10.3,POINT (1440935.9641127705 5861726.899242493),2.0,18.598265086090834,-3.3443050000000767,18.89655630387534,-10.193879300028359,9.44827815193767,-0.5419824579862773,-0.27099122899313866,-0.17791675733638976,-1.7361698884400703
1734874288.0,46.505492,12.944337,1453.949052,2.6,10.5,POINT (1440957.0034965305 5861728.031384464),3.0,21.069822363779483,-3.1547279999999773,21.304687822054703,-8.515485283234913,7.101562607351568,-2.346715544586102,-0.782238514862034,-0.1486232555975711,-1.4526324881401176
1734874291.0,46.505528,12.944513,1450.648268,3.0,10.8,POINT (1440976.5957269103 5861733.853831192),3.0,20.439089440254637,-3.3007840000000215,20.703901858378888,-9.173703410004965,6.901300619459629,-0.20026198789193828,-0.06675399596397942,-0.16011132910601794,-1.5639897861521073
1734874294.0,46.505529,12.944679,1446.530696,3.4,10.9,POINT (1440995.0747623818 5861734.015565879),3.0,18.479743235998367,-4.117571999999882,18.932916025895494,-12.561192680805512,6.310972008631832,-0.5903286108277976,-0.19677620360926587,-0.2192341702574693,-2.1335002629679867
1734874296.0,46.505564,12.944819,1444.263623,3.4,10.8,POINT (1441010.659491093 5861739.676281775),2.0,16.580937050104094,-2.267072999999982,16.735205210777774,-7.785642218836533,8.367602605388887,2.0566305967570555,1.0283152983785278,-0.13588509110097438,-1.3289341749856092
1734874298.0,46.505644,12.944991,1439.241548,3.3,10.7,POINT (1441029.8064435092 5861752.615074654),2.0,23.108832683432368,-5.022075000000086,23.648242752824107,-12.261022889272434,11.824121376412053,3.456518771023166,1.728259385511583,-0.21399521908019212,-2.083307257327497
1734874300.0,46.505702,12.945197,1437.207096,3.4,10.6,POINT (1441052.7382586128 5861761.995711398),2.0,24.77628885998924,-2.034451999999874,24.859675875077908,-4.694189141867221,12.429837937538954,0.6057165611269006,0.3028582805634503,-0.0819290562369502,-0.8028251945153818
1734874302.0,46.505724,12.945364,1434.081129,3.5,10.5,POINT (1441071.328613575 5861765.553886576),2.0,18.927807802696297,-3.1259670000001734,19.184201257829343,-9.377867997980667,9.592100628914672,-2.8377373086242823,-1.4188686543121412,-0.1636746733821716,-1.5984890826500577
1734874304.0,46.505777,12.945517,1431.739238,3.6,10.4,POINT (1441088.3604956665 5861774.125859959),2.0,19.067347357783962,-2.3418910000000324,19.210626973586056,-7.002116971611156,9.605313486793028,0.013212857878356132,0.006606428939178066,-0.12220999576438898,-1.1958980173624056
1734874306.0,46.505849,12.94567,1430.548082,3.5,10.4,POINT (1441105.3923777577 5861785.770818321),2.0,20.632257821688096,-1.1911559999998644,20.666613545449223,-3.304172435661779,10.333306772724612,0.7279932859315839,0.36399664296579193,-0.05766868805593855,-0.5654163094645834
1734874308.0,46.505978,12.945826,1428.365393,3.2,10.6,POINT (1441122.7582183217 5861806.634740626),2.0,27.145453992534634,-2.182688999999982,27.233064530668145,-4.597100993208578,13.616532265334072,3.2832254926094606,1.6416127463047303,-0.08023454837819116,-0.7862566868259278
1734874310.0,46.506088,12.945994,1425.470741,4.1,10.7,POINT (1441141.459892775 5861824.425721236),2.0,25.812237764065248,-2.894651999999951,25.974037587362883,-6.398565541370363,12.987018793681441,-0.6295134716526309,-0.31475673582631547,-0.11167603610156629,-1.0932661518059577
1734874312.0,46.506141,12.94617,1423.282862,3.7,10.6,POINT (1441161.0521231545 5861832.997752019),2.0,21.385396956851427,-2.1878790000000663,21.497023457231272,-5.8414441279589715,10.748511728615636,-2.2385070650658054,-1.1192535325329027,-0.101952433104173,-0.9984216202164861
1734874314.0,46.50625,12.946291,1420.844947,3.2,10.4,POINT (1441174.5217815405 5861850.627049142),2.0,22.186117597789572,-2.4379149999999754,22.31966047255587,-6.27077149925685,11.159830236277935,0.4113185076622994,0.2056592538311497,-0.10944560930225318,-1.0715192634496689
1734874316.0,46.506405,12.946314,1418.076048,3.2,10.3,POINT (1441177.0821298286 5861875.696293998),2.0,25.19965120805228,-2.7688990000001468,25.35131599502662,-6.270418221617498,12.67565799751331,1.515827761235375,0.7579138806176875,-0.10943944344427282,-1.0714591382684124
1734874318.0,46.506546,12.946349,1414.677953,3.0,10.3,POINT (1441180.9783120065 5861898.501282052),2.0,23.135421235225724,-3.398095000000012,23.383643115655833,-8.355770446266245,11.691821557827916,-0.983836439685394,-0.491918219842697,-0.1458357058281819,-1.4255824802458363
1734874320.0,46.506642,12.946458,1411.316798,3.2,10.3,POINT (1441193.112136503 5861914.028116277),2.0,19.705640765323572,-3.361154999999826,19.990238640546693,-9.679681470989376,9.995119320273346,-1.69670223755457,-0.848351118777285,-0.1689423122130526,-1.6494515719846632
1734874322.0,46.506743,12.946538,1408.200794,3.6,10.3,POINT (1441202.0176957666 5861930.363669386),2.0,18.605356249374896,-3.1160039999999753,18.864484145986324,-9.507594212433794,9.432242072993162,-0.5628772472801842,-0.2814386236400921,-0.16593882295052692,-1.620399423776638
1734874325.0,46.506793,12.94668,1404.292109,3.5,10.5,POINT (1441217.825063459 5861938.4505881),3.0,17.7558758624874,-3.908685000000105,18.18100508974376,-12.414781594202198,6.060335029914587,-3.3719070430785756,-1.1239690143595251,-0.21667881473481893,-2.1090253074969825
1734874328.0,46.506903,12.946809,1400.283517,3.4,10.5,POINT (1441232.1852777714 5861956.241835446),3.0,22.863600705884988,-4.008591999999908,23.212346866713148,-9.944388181054595,7.7374489555710495,1.677113925656463,0.5590379752188209,-0.1735623158558127,-1.6941107999894105
1734874330.0,46.506989,12.946872,1396.885063,3.9,10.3,POINT (1441239.1984056917 5861970.151381178),2.0,15.577529511718089,-3.398454000000129,15.943930358558546,-12.3070337543922,7.971965179279273,0.23451622370822367,0.11725811185411184,-0.21479826016822304,-2.0910047265795604
1734874332.0,46.507108,12.946887,1394.324889,4.3,10.2,POINT (1441240.8681980534 5861989.398347029),2.0,19.319262434821034,-2.560173999999961,19.48816030146927,-7.548809194555539,9.744080150734636,1.7721149714553626,0.8860574857276813,-0.13175157504981536,-1.288746939243213
1734874334.0,46.507247,12.94688,1389.508785,3.8,10.2,POINT (1441240.0889616178 5862011.880150409),2.0,22.49530379073637,-4.816103999999996,23.005076621831407,-12.084240923442035,11.502538310915703,1.7584581601810676,0.8792290800905338,-0.21090979171830354,-2.0537197513684595
1734874336.0,46.507351,12.946951,1385.881105,4.6,10.2,POINT (1441247.9926454641 5862028.701105645),2.0,18.585283247186013,-3.627680000000055,18.936018999793315,-11.044751169740314,9.468009499896658,-2.0345288110190456,-1.0172644055095228,-0.1927672729754636,-1.879357049672847
1734874338.0,46.507494,12.946939,1382.567514,4.3,10.3,POINT (1441246.6568115747 5862051.829971642),2.0,23.167410181147563,-3.3135909999998603,23.403178839995643,-8.139702168320161,11.701589419997822,2.233579920101164,1.116789960050582,-0.1420646029689085,-1.388970615156171
1734874340.0,46.507636,12.946928,1379.444125,3.7,10.3,POINT (1441245.4322971758 5862074.797157525),2.0,22.999805714194732,-3.1233890000000883,23.210916003812216,-7.733496819523423,11.605458001906108,-0.09613141809171388,-0.04806570904585694,-0.13497498219319343,-1.3200877589220694
1734874342.0,46.507771,12.94692,1378.271255,3.8,10.2,POINT (1441244.5417412496 5862096.632213824),2.0,21.85320968308957,-1.1728699999998753,21.884661237724917,-3.072138568595983,10.942330618862458,-0.6631273830436495,-0.33156369152182474,-0.05361893309950557,-0.5257497283149585
1734874344.0,46.507914,12.946962,1375.818963,3.7,10.1,POINT (1441249.2171598626 5862119.761258531),2.0,23.59686945893929,-2.4522920000001704,23.723953808661125,-5.933134456371201,11.861976904330563,0.9196462854681045,0.4598231427340522,-0.10355273122720132,-1.0140377406745318
1734874346.0,46.508038,12.946968,1375.062939,3.7,10.2,POINT (1441249.8850768076 5862139.817262638),2.0,20.067122708183362,-0.7560240000000249,20.081359168987152,-2.1575842211536203,10.040679584493576,-1.8212973198369866,-0.9106486599184933,-0.03765694854820816,-0.3693273636305524
1734874349.0,46.508166,12.946894,1374.381375,3.6,10.2,POINT (1441241.6474344889 5862160.520282611),3.0,22.281691743871026,-0.6815639999999803,22.29211332411053,-1.752046863191734,7.430704441370177,-2.609975143123399,-0.8699917143744663,-0.030578986411934406,-0.29993310830553965
1734874351.0,46.508267,12.946838,1373.680884,4.4,10.2,POINT (1441235.4135430043 5862176.856293719),2.0,17.485041091239513,-0.700490999999829,17.499067106660714,-2.2941739839810715,8.749533553330357,1.3188291119601798,0.6594145559800899,-0.040040889634065345,-0.39269617449393546
1734874353.0,46.508371,12.946725,1371.813955,4.2,10.4,POINT (1441222.834440545 5862193.6775646005),2.0,21.004498869113057,-1.8669290000000274,21.087304157563924,-5.0792355504925535,10.543652078781962,1.794118525451605,0.8970592627258025,-0.08864938384044176,-0.8685118473729091
1734874355.0,46.50851,12.946612,1369.474249,4.0,10.6,POINT (1441210.2553380851 5862216.15989036),2.0,25.762158105657377,-2.3397059999999783,25.868185371752,-5.189337059278074,12.934092685876,2.390440607094037,1.1952203035470186,-0.09057101768016255,-0.8872874355177572
1734874356.0,46.508595,12.946536,1368.844297,4.2,10.7,POINT (1441201.7950567848 5862229.908103505),1.0,16.142791715195575,-0.629952000000003,16.155078578654173,-2.2347612807816453,16.155078578654173,3.220985892778174,3.220985892778174,-0.03900394234572519,-0.3825316658109906
1734874357.0,46.508674,12.946464,1366.629283,4.7,10.8,POINT (1441193.780053448 5862242.685873821),1.0,15.083490734694728,-2.21501400000011,15.245260895236203,-8.354186929177498,15.245260895236203,-0.9098176834179696,-0.9098176834179696,-0.14580806824122167,-1.425314233014601
1734874359.0,46.508822,12.946362,1364.801169,3.2,11.1,POINT (1441182.4254653868 5862266.624025161),2.0,26.494560943977888,-1.828113999999914,26.55755561815044,-3.947129547734038,13.27877780907522,-1.9664830861609826,-0.9832415430804913,-0.06889040661071365,-0.6752804587084256
1734874360.0,46.50893,12.946286,1363.283758,3.3,11.3,POINT (1441173.9651840865 5862284.092447005),1.0,19.409330781748757,-1.5174110000000383,19.468555609964003,-4.470260448517849,19.468555609964003,6.189777800888782,6.189777800888782,-0.07802076324831494,-0.7646074114703111
1734874361.0,46.509034,12.946238,1361.992806,3.9,11.4,POINT (1441168.6218485283 5862300.913923064),1.0,17.649739139492606,-1.2909520000000612,17.696888109451372,-4.183326406968686,17.696888109451372,-1.7716675005126312,-1.7716675005126312,-0.07301281948722783,-0.7156195508314829
1734874362.0,46.509129,12.946225,1360.109954,5.0,11.5,POINT (1441167.1746951481 5862316.279722596),1.0,15.433795649256197,-1.8828519999999571,15.548221113584132,-6.955451445756871,15.548221113584132,-2.1486669958672397,-2.1486669958672397,-0.12139552869105717,-1.1879672912460755
1734874363.0,46.50922,12.946244,1358.352428,4.6,11.5,POINT (1441169.2897654732 5862330.998566276),1.0,14.870033012071321,-1.757526000000098,14.973535969194693,-6.740658258181634,14.973535969194693,-0.5746851443894396,-0.5746851443894396,-0.11764668035701552,-1.1514534773531009
1734874364.0,46.509316,12.946256,1357.516103,4.8,11.4,POINT (1441170.625599363 5862346.526164343),1.0,15.58495280352038,-0.836324999999988,15.60737624950404,-3.0716792781924047,15.60737624950404,0.6338402803093466,0.6338402803093466,-0.05361091696974032,-0.5256712030800561
1734874366.0,46.509468,12.946304,1356.284192,4.9,11.0,POINT (1441175.9689349208 5862371.111584035),2.0,25.15937392547027,-1.2319109999998545,25.189515696685277,-2.8032086321611134,12.594757848342638,-3.012618401161401,-1.5063092005807004,-0.04892522025153804,-0.479764956798628
1734874368.0,46.509582,12.946391,1354.577655,4.3,10.6,POINT (1441185.65373062 5862389.550693924),2.0,20.82777091352756,-1.7065370000000257,20.897567077503393,-4.684103613220422,10.448783538751696,-2.145974309590942,-1.072987154795471,-0.08175303055525936,-0.8011041624085696
1734874370.0,46.509667,12.946471,1354.306484,4.0,10.5,POINT (1441194.5592898834 5862403.299178219),2.0,16.3807755074672,-0.27117100000009486,16.383019866229738,-0.9484004461110304,8.191509933114869,-2.2572736056368274,-1.1286368028184137,-0.01655271041202053,-0.1623746740052709
1734874372.0,46.509755,12.946552,1353.800456,4.2,10.3,POINT (1441203.5761686375 5862417.532925789),2.0,16.84944130672543,-0.5060280000000148,16.857038194343904,-1.720208769155707,8.428519097171952,0.23700916405708305,0.11850458202854153,-0.030023306843446167,-0.2944843941604034
1734874374.0,46.509835,12.946645,1353.236034,4.0,10.2,POINT (1441213.9288812815 5862430.472716305),2.0,16.571567146531446,-0.5644219999999223,16.581176372202435,-1.9507208828511724,8.290588186101218,-0.1379309110707343,-0.06896545553536715,-0.03404650219316355,-0.33393166417804493
1734874376.0,46.509898,12.946739,1352.893882,3.9,10.2,POINT (1441224.392913416 5862440.662814741),2.0,14.605960243666834,-0.34215199999994184,14.609967235783936,-1.3419371614962112,7.304983617891968,-0.9856045682092498,-0.4928022841046249,-0.023421221822975763,-0.22974118051260145
1734874378.0,46.509962,12.946831,1351.891765,3.8,10.2,POINT (1441234.634306569 5862451.014672865),2.0,14.561837120832315,-1.0021169999999984,14.596278252189459,-3.9367759693111952,7.298139126094729,-0.006844491797238561,-0.0034222458986192805,-0.0687097025778716,-0.6735119460007114
1734874380.0,46.510016,12.946945,1351.261169,4.5,10.2,POINT (1441247.3247285192 5862459.74906264),2.0,15.405725364606926,-0.6305959999999686,15.418625922075844,-2.3439552633294305,7.709312961037922,0.4111738349431926,0.2055869174715963,-0.04090973686454927,-0.40121258478309574
1734874382.0,46.51006,12.947094,1350.224057,4.4,10.2,POINT (1441263.9113326475 5862466.865979242),2.0,18.048987185920183,-1.0371120000002065,18.078759352844305,-3.2886538113543766,9.039379676422152,1.3300667153842305,0.6650333576921152,-0.057397836966394354,-0.5627636565891541
1734874384.0,46.51012,12.947231,1348.847747,4.2,10.3,POINT (1441279.1621028862 5862476.570874801),2.0,18.076808088819345,-1.3763099999998758,18.129126286065308,-4.353916308952265,9.064563143032654,0.025183466610501526,0.012591733305250763,-0.07599017494749569,-0.744746375912037
1734874386.0,46.51023,12.947368,1347.358857,4.2,10.4,POINT (1441294.412873125 5862494.363211153),2.0,23.434018557263315,-1.488890000000083,23.481269539236198,-3.6354243890353284,11.740634769618099,2.676071626585445,1.3380358132927226,-0.06345012529596972,-0.622028160598165
1734874388.0,46.510343,12.947498,1345.497598,3.6,10.4,POINT (1441308.884406928 5862512.640830538),2.0,23.31301484152621,-1.8612590000000182,23.387196199337414,-4.564684871318797,11.693598099668707,-0.04703666994939226,-0.02351833497469613,-0.07966878032048669,-0.7807242319418125
1734874390.0,46.510404,12.947604,1344.03061,4.5,10.4,POINT (1441320.6842729521 5862522.507525822),2.0,15.381434068837043,-1.4669879999999011,15.45123191872171,-5.448045411820089,7.725615959360855,-3.9679821403078517,-1.9839910701539258,-0.09508633023443094,-0.9313919016749586
1734874394.0,46.510395,12.947762,1342.105581,5.1,10.4,POINT (1441338.2727524976 5862521.051783198),4.0,17.648620323106304,-1.925028999999995,17.753296481498918,-6.2249466694899995,4.4383241203747295,-3.2872918389861256,-0.8218229597465314,-0.10864581514365573,-1.0637198849058778
1734874396.0,46.51038,12.947902,1339.988553,4.9,10.4,POINT (1441353.8574812084 5862518.625546026),2.0,15.772456872734578,-2.1170280000001185,15.913899690366806,-7.644726714424851,7.956949845183403,3.5186257248086736,1.7593128624043368,-0.13342565158188194,-1.305025486152381
1734874398.0,46.510367,12.948074,1336.830602,5.1,10.1,POINT (1441373.004433625 5862516.5228076875),2.0,19.262068823482632,-3.157950999999912,19.519220012054326,-9.310620315312802,9.759610006027163,1.80266016084376,0.90133008042188,-0.162500979905281,-1.5871279329229027
1734874399.0,46.510377,12.948204,1334.60948,4.9,10.1,POINT (1441387.475967428 5862518.140298672),1.0,14.56164714918485,-2.221121999999923,14.730069607311668,-8.672611839154293,14.730069607311668,4.970459601284505,4.970459601284505,-0.1513656313406833,-1.479233119793513
1734874400.0,46.510391,12.948336,1333.464226,4.8,10.1,POINT (1441402.1701402126 5862520.404786553),1.0,14.867636637689657,-1.1452540000000226,14.911680854782531,-4.404795317184375,14.911680854782531,0.18161124747086355,0.18161124747086355,-0.0768781811612953,-0.7534322823437378
1734874402.0,46.510397,12.948536,1331.793837,4.6,10.0,POINT (1441424.4340383715 5862521.375281537),2.0,22.285040312815443,-1.6703890000001138,22.347555149392313,-4.286624722738624,11.173777574696157,-3.7379032800863747,-1.8689516400431874,-0.07481571520917803,-0.7332576642258207
1734874404.0,46.510433,12.948725,1330.405153,4.4,9.9,POINT (1441445.4734221313 5862527.198253691),2.0,21.830315474082564,-1.388684000000012,21.874439808823098,-3.6398314756125787,10.937219904411549,-0.23655767028460772,-0.11827883514230386,-0.06352704346716319,-0.622781207613155
1734874406.0,46.510452,12.948926,1329.349853,4.5,9.9,POINT (1441467.8486397807 5862530.271490551),2.0,22.585286131715154,-1.0552999999999884,22.609927194518892,-2.6752059173985545,11.304963597259446,0.3677436928478972,0.1838718464239486,-0.046691151427440236,-0.45787378751531516
1734874408.0,46.510467,12.949108,1328.654463,4.4,9.9,POINT (1441488.1087871052 5862532.697730934),2.0,20.40490656707151,-0.6953899999998612,20.41675241714553,-1.9518588824560483,10.208376208572766,-1.0965873886866806,-0.5482936943433403,-0.03406636403315503,-0.33412639584490744
1734874410.0,46.510489,12.949266,1327.827973,4.9,9.9,POINT (1441505.6972666504 5862536.256218043),2.0,17.94484447456138,-0.8264900000001489,17.963867315706167,-2.63702188254535,8.981933657853084,-1.226442550719682,-0.613221275359841,-0.046024714297555544,-0.4513430631338827
1734874412.0,46.510509,12.949417,1327.20485,4.5,9.9,POINT (1441522.5065097602 5862539.491207572),2.0,17.117704611697594,-0.6231229999998504,17.12904239724048,-2.0847748780842243,8.56452119862024,-0.4174124592328443,-0.20870622961642216,-0.03638618578543309,-0.35686972384301663
1734874414.0,46.510514,12.949562,1326.356518,4.6,9.9,POINT (1441538.6478359255 5862540.299955141),2.0,16.161574273717182,-0.8483320000000276,16.18382371960042,-3.0047367474722724,8.09191185980021,-0.4726093388200301,-0.23630466941001504,-0.05244254939905656,-0.5142256282686294
1734874417.0,46.510537,12.949748,1325.330378,4.0,10.1,POINT (1441559.3532612128 5862544.020194914),3.0,21.036986958738826,-1.0261399999999412,21.0619985661795,-2.79255432191216,7.0206661887265005,-1.0712456710737088,-0.35708189035790294,-0.04873926745816482,-0.47794293444515246
1734874420.0,46.510578,12.949918,1324.531529,4.5,10.1,POINT (1441578.2775746477 5862550.651930589),3.0,20.052669574013866,-0.7988490000000183,20.068575354752575,-2.281316504611527,6.689525118250859,-0.3311410704756419,-0.11038035682521397,-0.039816484285559554,-0.3904965126557585
1734874423.0,46.51065,12.950051,1324.329398,4.6,10.0,POINT (1441593.0830669233 5862562.297917538),3.0,18.836974638782095,-0.2021310000000085,18.838059095439764,-0.614791332223832,6.279353031813255,-0.41017208643760394,-0.13672402881253465,-0.01073013296002818,-0.10526058443462981
1734874426.0,46.510714,12.950176,1323.766905,4.4,10.0,POINT (1441606.9980032726 5862572.649918888),3.0,17.34328070299398,-0.5624930000001314,17.35239994692067,-1.8576174990867114,5.784133315640223,-0.4952197161730316,-0.16507323872434387,-0.03242154160172587,-0.31799960506215247
1734874430.0,46.510778,12.950318,1323.477348,4.3,9.9,POINT (1441622.805370965 5862583.00193243),4.0,18.895424254173665,-0.2895570000000589,18.897642736634204,-0.8779424766412834,4.724410684158551,-1.0597226314816721,-0.26493065787041803,-0.015322986860503804,-0.15031261885875297
1734874434.0,46.510838,12.950441,1322.730604,4.5,9.9,POINT (1441636.4976683327 5862592.706956194),4.0,16.782922673274733,-0.7467439999998078,16.799527376050044,-2.5476539047795446,4.199881844012511,-0.52452884014604,-0.13113221003651,-0.04446494883969315,-0.4360574244750285
1734874439.0,46.510907,12.950555,1322.252519,4.7,9.9,POINT (1441649.188090283 5862603.867746769),5.0,16.900001643511885,-0.47808500000019194,16.90676257649375,-1.6204110368308873,3.38135251529875,-0.8185293287137609,-0.1637058657427522,-0.028281507828354084,-0.2774046082910412
1734874449.0,46.510984,12.95068,1321.381322,4.8,10.3,POINT (1441663.1030266322 5862616.322558775),10.0,18.67479037868789,-0.8711969999999383,18.695100424997527,-2.6709669317967157,1.8695100424997526,-1.5118424727989974,-0.15118424727989974,-0.046617167171743516,-0.45714879170008665
1734874453.0,46.511044,12.950789,1322.3137,4.9,10.0,POINT (1441675.2368511287 5862626.027619324),4.0,15.53762842823536,0.9323779999999715,15.56557823881887,3.434072362296271,3.8913945597047177,2.021884517204965,0.5054711293012413,0.059935869473809515,0.5876189139693518
1734874457.0,46.511104,12.950897,1321.565462,4.7,10.0,POINT (1441687.2593561343 5862635.732690587),4.0,15.450858708486447,-0.7482379999999011,15.468965541827783,-2.772494020834257,3.867241385456946,-0.024153174247771858,-0.0060382935619429645,-0.04838914915541405,-0.47451232340981253
1734874463.0,46.511184,12.950992,1321.555613,4.2,10.0,POINT (1441697.8347077596 5862648.672802269),6.0,16.711808769818827,-0.009849000000031083,16.711811672041858,-0.03376690547779166,2.7853019453403096,-1.0819394401166362,-0.18032324001943936,-0.0005893436787971735,-0.00578146115432499
1734874470.0,46.511249,12.951084,1320.859027,4.5,10.3,POINT (1441708.0761009126 5862659.186657037),7.0,14.677441050191511,-0.6965860000000248,14.693961611398164,-2.717197938669007,2.0991373730568808,-0.6861645722834289,-0.09802351032620413,-0.047424050458177124,-0.46505556777142143
1734874478.0,46.511317,12.951187,1320.597519,4.8,10.1,POINT (1441719.5420084642 5862670.185780098),8.0,15.888604221079104,-0.2615080000000489,15.890756134563162,-0.9429369478105815,1.9863445168203953,-0.1127928562364855,-0.014099107029560687,-0.016457354378000583,-0.16143935872381968
1734874487.0,46.511405,12.951232,1320.50693,4.6,5.2,POINT (1441724.55138555 5862684.41995978),9.0,15.089921471312094,-0.09058899999990899,15.090193384356834,-0.3439583850074464,1.6766881538174259,-0.3096563630029694,-0.03440626255588549,-0.006003206308222241,-0.05889110015782506
1734875023.0,46.511586,12.951267,1317.400024,1.1,9.9,POINT (1441728.4475677276 5862713.697151807),536.0,29.535304443408517,-3.106905999999981,29.698267179377027,-6.005027772750653,0.05540721488689744,-1.6212809389305285,-0.0030247778711390456,-0.10480750630820072,-1.026280344099159
